{
	"$schema": "http://json-schema.org/draft-04/schema#",
	"$id": "http://schemas.geo.admin.ch/V_D/OeREB/1.0/extract.json",
	"fileVersion": "1.0.1",
	"type": "object",
	"anyOf": [{
			"$ref": "#/definitions/GetExtractByIdResponse"
		},
		{
			"$ref": "#/definitions/GetEGRIDResponse"
		},
		{
			"$ref": "#/definitions/GetCapabilitiesResponse"
		}
	],
	"definitions": {

		"FlavourType": {
			"pattern": "REDUCED|FULL|EMBEDDABLE|(ch.[A-Z]{2}.[a-zA-Z][a-zA-Z0-9]*)|(fl.[a-zA-Z][a-zA-Z0-9]*)"
		},

		"GetExtractByIdResponse": {
			"type": "object",
			"properties": {
				"embeddable": {
					"type": "object",
					"properties": {
						"cadasterState": {
							"$ref": "extractdata.json/definitions/dateTime"
						},
						"cadasterOrganisationName": {
							"type": "string"
						},
						"dataownerNameCadastralSurveying": {
							"type": "string"
						},
						"transferFromSourceCadastralSurveying": {
							"$ref": "extractdata.json/definitions/dateTime"
						},
						"datasource": {
							"type": "array",
							"items": {
								"type": "object",
								"properties": {
									"topic": {
										"$ref": "extractdata.json/definitions/Theme"
									},
									"dataownerName": {
										"type": "string"
									},
									"transferFromSource": {
										"$ref": "extractdata.json/definitions/dateTime"
									}
								}
							}
						},
						"pdf": {
							"$ref": "extractdata.json/definitions/base64Binary"
						}
					}

				},
				"extract": {
					"$ref": "extractdata.json/definitions/Extract"
				}
			}
		},
		"GetEGRIDResponse": {
			"type": "array",
			"items": {
				"type": "object",
				"properties": {
					"egrid": {
						"type": "string"
					},
					"number": {
						"type": "string"
					},
					"identDN": {
						"type": "string"
					}
				}
			}
		},

		"GetCapabilitiesResponse": {
			"type": "object",
			"properties": {
				"topic": {
					"type": "array",
					"items": {
						"$ref": "extractdata.json/definitions/Theme"
					}
				},
				"municipality": {
					"type": "array",
					"items": {
						"$ref": "extractdata.json/definitions/MunicipalityCode"
					}
				},
				"flavour": {
					"type": "array",
					"items": {
						"$ref": "#/definitions/FlavourType"
					}
				},
				"language": {
					"type": "array",
					"items": {
						"type": "string"
					}
				},
				"crs": {
					"type": "array",
					"items": {
						"type": "string"
					}
				}
			}
		}

	}
}
